{
    "DarkBG": 0.3419354838709677,
    "MidBG": 0.32903225806451614,
    "LightBG": 0.32903225806451614,
    "PinkB": 0.23225806451612904,
    "BlueB": 0.23225806451612904,
    "LightBlueB": 0.23225806451612904,
    "GreenB": 0.23225806451612904,
    "RainbowB": 0.012903225806451613,
    "WhiteB": 0.05806451612903226,
    "WhiteHL": 0.23225806451612904,
    "PinkHL": 0.23225806451612904,
    "YellowHL": 0.23225806451612904,
    "RainbowHL": 0.23225806451612904,
    "PurpleHL": 0.07096774193548387,
    "RedOL": 0.25806451612903225,
    "GrayOL": 0.25161290322580643,
    "BlueOL": 0.24516129032258063,
    "WhiteOL": 0.24516129032258063,
    "WhiteL": 0.33548387096774196,
    "YellowL": 0.33548387096774196,
    "GreenL": 0.32903225806451614
}